4eb7f818-1f9c-4ead-8219-507016287a95,eefa7261-429d-4921-90d0-f2f2ee67e0e3,048b5307-51fe-4937-b945-928b3a705ac5
0ee7fb56-9420-4388-a36b-15990cda3f81,c44f97b1-0a56-44cd-b43d-47af0d6e195e,08f03d5c-bf11-4183-bd0f-e566b38e9ecb
834f5137-6e71-4a42-b0db-26b9a26e74b8,eefa7261-429d-4921-90d0-f2f2ee67e0e3,0a860c0b-a141-4755-86f0-7716e950809d
8b57a2ef-abdc-48a0-933c-2c515c7d3fe9,c44f97b1-0a56-44cd-b43d-47af0d6e195e,10c54f43-82a3-474c-b4a4-59c79db6ff13
61960065-a26d-4789-8e27-c5d42eca3921,eefa7261-429d-4921-90d0-f2f2ee67e0e3,1b4f9999-fa6a-48f5-9ea0-f7fafee8727f
6de14e40-20d2-4b67-8e01-75dbe4de142e,c44f97b1-0a56-44cd-b43d-47af0d6e195e,1b9422c9-7393-4321-b2b0-1dde7fc47a99
09f8a926-de0a-4a73-898b-a41a2b19e308,072bdf61-0f63-4505-a6d9-47b961a7644b,1d781516-477f-428b-af11-87254d3f15e2
9b0fa062-1ae2-43fd-ada7-27bc244ec0cd,ea81b046-2635-47d6-8d45-fb4bee704be0,22288673-defa-4026-a172-50d6497bbd99
be6bfff1-bcaf-49b3-9e40-bbcaa0b13f42,072bdf61-0f63-4505-a6d9-47b961a7644b,29b7687e-7815-4af7-96ae-f62abc124669
05bceb83-8169-4f16-9ebd-f34bfa42535e,d233b920-1682-494d-97bc-22f92348204d,3a9897c2-0aa2-4070-a12f-a047ecf2d7c7
e42e3713-b293-4395-9e9c-ef614e2909de,99ccc201-b76b-4b42-801a-5de45d67c78d,3c5f8d22-3274-4069-939e-f6b510ae77e7
c7d22eb4-3c65-46d7-ac31-7428cda5c0d6,d233b920-1682-494d-97bc-22f92348204d,3e30aa48-5d18-4087-a2d9-22a26e566778
79fa256d-da92-4954-915e-985719e644e5,99ccc201-b76b-4b42-801a-5de45d67c78d,3ee7360d-4069-49a7-91a1-83fc07e50687
b76a2277-b7fb-4bd5-8979-d83c68b67586,d1f341dd-489f-4020-8077-ca8db68a8d8a,36df23fc-7c81-459a-9d84-e85c3b97068c
f36bffde-6c96-4a6e-b248-333b9ecbbc5f,dcbfb443-bd55-49ca-bb49-4705db7a150c,38ba6556-1c19-44eb-a7fe-d86765d46095