cbbb4da7-d452-4140-a5a8-22b6e192ba39,227b5c0b-709e-49c0-9842-7bbd82f78fa0
1dbbf9ca-b511-47f4-ad10-ada80387b137,227b5c0b-709e-49c0-9842-7bbd82f78fa0
7adc24ce-08c2-4b52-9202-b9f8a6151b86,8bd880a8-120f-48ff-8ebe-392ac0eb4f9f
4e396f8a-5599-44e3-92e4-14e87e1db034,1f1c4f77-407e-425b-8d48-99791c5741a7
7adc24ce-08c2-4b52-9202-b9f8a6151b86,aa71ae4b-9f61-429d-9083-c9908a005746
dec2bb4d-6bf9-4190-a9b4-8c0ba94737e8,aa71ae4b-9f61-429d-9083-c9908a005746
dde4e1b6-191a-4664-bbce-71620927438d,0764eda6-aa63-484f-ac89-5c8453340b00
befee48c-8edc-45fd-a644-e23b427499ef,d94a9144-e862-4e4a-b4ba-c18bfe204a30
6a888712-a0d3-460f-a78a-a99bfcbfbade,d94a9144-e862-4e4a-b4ba-c18bfe204a30
4f8d9d9e-4550-4e26-a530-26829ead58c1,c663d180-80d0-4f9a-8710-dba5ca2e852a
118fbabd-70b8-4f1c-b453-47e1ed3ca8b8,c663d180-80d0-4f9a-8710-dba5ca2e852a
79957978-a1ab-4154-ae1e-e830f7476488,9b4a1e8f-22c2-4d4e-89bd-31c8a8d60c44
56549faf-d8d4-46c2-a8b8-cec18be5f9ee,9b4a1e8f-22c2-4d4e-89bd-31c8a8d60c44
cbbb4da7-d452-4140-a5a8-22b6e192ba39,785e83ac-ba0e-400e-bd68-c5754a162d0c
1dbbf9ca-b511-47f4-ad10-ada80387b137,785e83ac-ba0e-400e-bd68-c5754a162d0c
cbbb4da7-d452-4140-a5a8-22b6e192ba39,91b35a6c-08fe-48a2-90c0-772e148054fd
1dbbf9ca-b511-47f4-ad10-ada80387b137,91b35a6c-08fe-48a2-90c0-772e148054fd
befee48c-8edc-45fd-a644-e23b427499ef,67ad83d8-1f08-4391-bdfc-ee7b69d31873
6a888712-a0d3-460f-a78a-a99bfcbfbade,67ad83d8-1f08-4391-bdfc-ee7b69d31873
4f8d9d9e-4550-4e26-a530-26829ead58c1,4ac884de-4818-40bf-a454-39132e1e3027
118fbabd-70b8-4f1c-b453-47e1ed3ca8b8,4ac884de-4818-40bf-a454-39132e1e3027
79957978-a1ab-4154-ae1e-e830f7476488,bf80ba8f-68bc-4d12-8f08-8886228ff748
56549faf-d8d4-46c2-a8b8-cec18be5f9ee,bf80ba8f-68bc-4d12-8f08-8886228ff748
ebc69900-59c1-493f-be0d-d05abd42b293,0f517b61-cb3f-43cf-b628-2cb0159deb8e
ec8200a4-9e5e-4828-b907-46cf9be81b4c,930d47ad-37d1-49a4-847e-fd360810da46
bfa40adc-f011-4a9c-a792-fe8a7924550e,0b1da7be-46da-461d-84c1-73c82309bf96
dac3efba-2d46-498b-8edb-29b40d478eb8,0b1da7be-46da-461d-84c1-73c82309bf96