6f86de8f-f02f-45b4-8a60-412e5540051c,3b5684e0-aaf2-499e-98fc-45982c3df1c3
db86b3f2-9412-40b9-a208-54533c4c99fc,c2da5c46-6345-4449-b4a4-2cd4b8ece21c
335537b1-f2be-4e96-b37e-f06b50919a60,bb158009-6d5b-4c90-a8f0-2cd51fc5da90
16965457-a06a-49c8-861b-0e35300efe59,80447f35-fd7e-4f66-ba79-0c9aea125ae9
688034ed-277d-4555-be2a-83b1e5df7e77,d4ee6ea8-ec9c-4a32-98cf-8deee9486667
24bad379-0966-435f-a650-fa669789f7e8,91051119-76e1-4e92-ba29-68187ec166f7
5d8683db-6054-4db4-ada7-658fd2e494a1,469fd925-e63f-4d14-9bd3-e9f93bf5a0c4
acbc9657-3ff6-4341-b3d6-f28d90898e82,964f1d39-3d11-48a0-9570-b090627930e7
62bf5d6f-3f6a-41cf-a9ef-96faa47c0857,24de2528-dc39-4836-8178-3042bb83b274
95716b68-cae1-4e48-be61-e8d51f901b7f,a40779bd-2521-4c9d-9c45-a9daafc2a3fa
10c0c802-4087-4fbf-955a-0ee6f9ca4582,a32fbd75-a7b2-4215-bd82-9a27113c23d6
26f77d73-0fc6-4dae-893e-8aac46bdc857,4002b9c0-dc94-496e-a5bc-a28d0da061c2
4291b616-b896-4502-8c0d-97cbd6d93651,0c365b32-935a-4f6e-9fdc-cd1323922248
9d3c6351-36c6-4e78-992d-7a105f6574fb,84e40745-3c0c-406c-827b-6f0e6348124c
502913f9-6c72-4054-aa20-e64d7a6534a6,65bf5957-a5d6-4cab-82c0-64252fc20951
635f9602-ea8a-44d2-bd94-eda24b229138,ec399d92-c6d4-40ad-a929-f7a9d240219c
85c03929-d580-4c5d-9455-c8fe174fbd78,6190cfdb-fd17-4b8f-9e0f-0718b2c9b74d